student_id,name,email,course,learning_style,communication,personality,gpa
S0001,Hassan Qureshi,hassan.qureshi68@student.edu.pk,Data Science,Kinesthetic,Average,Ambivert,2.84
S0002,Usman Rana,usman.rana681@student.edu.pk,Artificial Intelligence,Auditory,Strong,Introvert,2.17
S0003,Ahmad Iftikhar,ahmad.iftikhar869@student.edu.pk,Cyber Security,Reading/Writing,Average,Introvert,2.59
S0004,Hassan Iftikhar,hassan.iftikhar936@student.edu.pk,Information Technology,Reading/Writing,Weak,Extrovert,3.44
S0005,Sana Butt,sana.butt327@student.edu.pk,Software Engineering,Reading/Writing,Strong,Introvert,2.85
S0006,Muneeb Chaudhry,muneeb.chaudhry250@student.edu.pk,Computer Networks,Kinesthetic,Strong,Extrovert,2.77
S0007,Hassan Malik,hassan.malik478@student.edu.pk,Computer Networks,Auditory,Average,Introvert,2.22
S0008,Hassan Butt,hassan.butt507@student.edu.pk,Information Technology,Kinesthetic,Average,Extrovert,2.76
S0009,Ahmad Rana,ahmad.rana796@student.edu.pk,Deep Learning,Visual,Average,Introvert,2.13
S0010,Fatima Rana,fatima.rana40@student.edu.pk,Software Engineering,Kinesthetic,Strong,Ambivert,3.35
S0011,Ali Khan,ali.khan47@student.edu.pk,Deep Learning,Reading/Writing,Strong,Ambivert,2.26
S0012,Hiba Chaudhry,hiba.chaudhry630@student.edu.pk,Information Technology,Visual,Strong,Extrovert,3.25
S0013,Zara Ashraf,zara.ashraf784@student.edu.pk,Artificial Intelligence,Auditory,Weak,Introvert,2.96
S0014,Hiba Siddiqui,hiba.siddiqui369@student.edu.pk,Software Engineering,Visual,Strong,Introvert,3.15
S0015,Hassan Siddiqui,hassan.siddiqui68@student.edu.pk,Information Technology,Kinesthetic,Weak,Ambivert,3.71
S0016,Muneeb Iftikhar,muneeb.iftikhar65@student.edu.pk,Machine Learning,Reading/Writing,Weak,Ambivert,3.22
S0017,Ayesha Qureshi,ayesha.qureshi245@student.edu.pk,Machine Learning,Auditory,Weak,Ambivert,2.71
S0018,Jawad Malik,jawad.malik481@student.edu.pk,Computer Networks,Auditory,Average,Ambivert,2.31
S0019,Ali Ashraf,ali.ashraf841@student.edu.pk,Cloud Computing,Auditory,Weak,Extrovert,3.69
S0020,Zara Rana,zara.rana814@student.edu.pk,Artificial Intelligence,Reading/Writing,Average,Ambivert,3.33
S0021,Zara Sheikh,zara.sheikh232@student.edu.pk,Artificial Intelligence,Auditory,Weak,Ambivert,3.48
S0022,Ayesha Siddiqui,ayesha.siddiqui638@student.edu.pk,Information Technology,Reading/Writing,Weak,Ambivert,3.13
S0023,Muneeb Malik,muneeb.malik474@student.edu.pk,Cyber Security,Auditory,Weak,Extrovert,2.71
S0024,Ayesha Siddiqui,ayesha.siddiqui529@student.edu.pk,Computer Networks,Reading/Writing,Weak,Extrovert,2.23
S0025,Muneeb Sheikh,muneeb.sheikh314@student.edu.pk,Deep Learning,Visual,Weak,Introvert,2.28
S0026,Usman Malik,usman.malik917@student.edu.pk,Cloud Computing,Visual,Strong,Extrovert,2.49
S0027,Usman Chaudhry,usman.chaudhry888@student.edu.pk,Artificial Intelligence,Kinesthetic,Average,Extrovert,2.53
S0028,Jawad Khan,jawad.khan440@student.edu.pk,Artificial Intelligence,Reading/Writing,Average,Extrovert,2.72
S0029,Sana Rana,sana.rana428@student.edu.pk,Artificial Intelligence,Reading/Writing,Average,Extrovert,3.07
S0030,Zara Ashraf,zara.ashraf897@student.edu.pk,Artificial Intelligence,Auditory,Weak,Extrovert,2.46
S0031,Hassan Siddiqui,hassan.siddiqui587@student.edu.pk,Artificial Intelligence,Kinesthetic,Weak,Introvert,2.61
S0032,Muneeb Qureshi,muneeb.qureshi265@student.edu.pk,Cloud Computing,Reading/Writing,Average,Introvert,2.84
S0033,Fatima Malik,fatima.malik356@student.edu.pk,Deep Learning,Auditory,Strong,Ambivert,3.4
S0034,Ayesha Ashraf,ayesha.ashraf378@student.edu.pk,Data Science,Auditory,Weak,Extrovert,3.43
S0035,Maryam Butt,maryam.butt721@student.edu.pk,Machine Learning,Reading/Writing,Strong,Introvert,3.95
S0036,Hassan Iftikhar,hassan.iftikhar234@student.edu.pk,Machine Learning,Reading/Writing,Average,Extrovert,2.49
S0037,Jawad Iftikhar,jawad.iftikhar119@student.edu.pk,Data Science,Auditory,Strong,Extrovert,3.84
S0038,Jawad Qureshi,jawad.qureshi709@student.edu.pk,Data Science,Kinesthetic,Average,Introvert,2.9
S0039,Hiba Sheikh,hiba.sheikh405@student.edu.pk,Software Engineering,Visual,Average,Extrovert,3.83
S0040,Ahmad Malik,ahmad.malik263@student.edu.pk,Information Technology,Reading/Writing,Weak,Ambivert,2.96
S0041,Hassan Siddiqui,hassan.siddiqui73@student.edu.pk,Computer Networks,Kinesthetic,Average,Ambivert,2.69
S0042,Bilal Sheikh,bilal.sheikh725@student.edu.pk,Cloud Computing,Visual,Strong,Introvert,3.23
S0043,Ayesha Ashraf,ayesha.ashraf554@student.edu.pk,Machine Learning,Visual,Strong,Extrovert,3.08
S0044,Bilal Butt,bilal.butt112@student.edu.pk,Deep Learning,Auditory,Strong,Ambivert,2.95
S0045,Jawad Rana,jawad.rana951@student.edu.pk,Deep Learning,Reading/Writing,Weak,Ambivert,3.85
S0046,Usman Malik,usman.malik322@student.edu.pk,Software Engineering,Visual,Strong,Extrovert,2.64
S0047,Zara Butt,zara.butt36@student.edu.pk,Machine Learning,Auditory,Strong,Ambivert,3.3
S0048,Maryam Siddiqui,maryam.siddiqui695@student.edu.pk,Software Engineering,Auditory,Strong,Ambivert,2.22
S0049,Hamza Rana,hamza.rana725@student.edu.pk,Software Engineering,Kinesthetic,Strong,Extrovert,3.22
S0050,Maryam Butt,maryam.butt618@student.edu.pk,Machine Learning,Kinesthetic,Average,Introvert,2.28
S0051,Bilal Malik,bilal.malik70@student.edu.pk,Computer Networks,Visual,Weak,Introvert,2.76
S0052,Muneeb Khan,muneeb.khan780@student.edu.pk,Data Science,Visual,Average,Ambivert,3.76
S0053,Jawad Ashraf,jawad.ashraf731@student.edu.pk,Computer Networks,Auditory,Strong,Introvert,3.96
S0054,Ayesha Khan,ayesha.khan715@student.edu.pk,Computer Networks,Auditory,Weak,Introvert,3.39
S0055,Jawad Ashraf,jawad.ashraf633@student.edu.pk,Computer Networks,Reading/Writing,Average,Ambivert,3.05
S0056,Hiba Sheikh,hiba.sheikh304@student.edu.pk,Information Technology,Visual,Weak,Introvert,3.38
S0057,Ahmad Sheikh,ahmad.sheikh550@student.edu.pk,Deep Learning,Visual,Strong,Ambivert,3.7
S0058,Hamza Sheikh,hamza.sheikh823@student.edu.pk,Deep Learning,Auditory,Average,Introvert,3.23
S0059,Sana Sheikh,sana.sheikh64@student.edu.pk,Computer Networks,Auditory,Weak,Extrovert,2.71
S0060,Fatima Malik,fatima.malik178@student.edu.pk,Software Engineering,Visual,Weak,Extrovert,2.91
S0061,Maryam Iftikhar,maryam.iftikhar218@student.edu.pk,Machine Learning,Reading/Writing,Average,Introvert,2.83
S0062,Ahmad Butt,ahmad.butt269@student.edu.pk,Deep Learning,Visual,Average,Introvert,3.04
S0063,Ahmad Sheikh,ahmad.sheikh167@student.edu.pk,Deep Learning,Auditory,Average,Extrovert,2.97
S0064,Sana Khan,sana.khan467@student.edu.pk,Artificial Intelligence,Visual,Average,Introvert,2.64
S0065,Bilal Malik,bilal.malik829@student.edu.pk,Deep Learning,Visual,Average,Ambivert,2.63
S0066,Fatima Ashraf,fatima.ashraf322@student.edu.pk,Machine Learning,Kinesthetic,Weak,Ambivert,2.31
S0067,Muneeb Rana,muneeb.rana724@student.edu.pk,Computer Networks,Kinesthetic,Average,Ambivert,3.52
S0068,Ayesha Iftikhar,ayesha.iftikhar897@student.edu.pk,Machine Learning,Kinesthetic,Average,Extrovert,3.97
S0069,Ali Iftikhar,ali.iftikhar754@student.edu.pk,Deep Learning,Auditory,Weak,Ambivert,2.29
S0070,Usman Iftikhar,usman.iftikhar700@student.edu.pk,Cloud Computing,Visual,Weak,Introvert,3.61
S0071,Usman Khan,usman.khan824@student.edu.pk,Machine Learning,Reading/Writing,Weak,Introvert,3.84
S0072,Hiba Malik,hiba.malik662@student.edu.pk,Cloud Computing,Kinesthetic,Weak,Introvert,3.12
S0073,Bilal Butt,bilal.butt830@student.edu.pk,Computer Networks,Auditory,Average,Ambivert,3.43
S0074,Hassan Butt,hassan.butt508@student.edu.pk,Software Engineering,Visual,Average,Introvert,2.29
S0075,Zara Iftikhar,zara.iftikhar578@student.edu.pk,Computer Networks,Kinesthetic,Strong,Extrovert,3.75
S0076,Bilal Malik,bilal.malik436@student.edu.pk,Deep Learning,Reading/Writing,Weak,Introvert,2.94
S0077,Hamza Malik,hamza.malik910@student.edu.pk,Machine Learning,Kinesthetic,Weak,Ambivert,2.59
S0078,Ayesha Qureshi,ayesha.qureshi800@student.edu.pk,Cyber Security,Visual,Strong,Ambivert,3.53
S0079,Sana Qureshi,sana.qureshi492@student.edu.pk,Computer Networks,Visual,Weak,Introvert,3.43
S0080,Fatima Qureshi,fatima.qureshi389@student.edu.pk,Cloud Computing,Visual,Strong,Extrovert,3.42
S0081,Muneeb Sheikh,muneeb.sheikh193@student.edu.pk,Cyber Security,Kinesthetic,Weak,Introvert,2.02
S0082,Ayesha Sheikh,ayesha.sheikh359@student.edu.pk,Data Science,Reading/Writing,Strong,Ambivert,2.04
S0083,Ahmad Chaudhry,ahmad.chaudhry29@student.edu.pk,Information Technology,Kinesthetic,Weak,Extrovert,2.21
S0084,Ali Khan,ali.khan890@student.edu.pk,Data Science,Visual,Average,Introvert,3.14
S0085,Hassan Rana,hassan.rana675@student.edu.pk,Cloud Computing,Kinesthetic,Strong,Introvert,2.96
S0086,Muneeb Qureshi,muneeb.qureshi446@student.edu.pk,Machine Learning,Reading/Writing,Strong,Introvert,3.28
S0087,Usman Ashraf,usman.ashraf720@student.edu.pk,Artificial Intelligence,Kinesthetic,Weak,Introvert,2.04
S0088,Sana Chaudhry,sana.chaudhry99@student.edu.pk,Cyber Security,Visual,Average,Ambivert,2.29
S0089,Ahmad Sheikh,ahmad.sheikh503@student.edu.pk,Deep Learning,Kinesthetic,Average,Introvert,3.33
S0090,Hamza Rana,hamza.rana206@student.edu.pk,Computer Networks,Reading/Writing,Weak,Extrovert,3.35
S0091,Hassan Qureshi,hassan.qureshi573@student.edu.pk,Deep Learning,Auditory,Weak,Introvert,3.93
S0092,Ali Malik,ali.malik806@student.edu.pk,Information Technology,Auditory,Strong,Ambivert,3.15
S0093,Hiba Butt,hiba.butt878@student.edu.pk,Computer Networks,Visual,Strong,Introvert,3.26
S0094,Ayesha Malik,ayesha.malik86@student.edu.pk,Machine Learning,Auditory,Weak,Introvert,3.06
S0095,Ahmad Sheikh,ahmad.sheikh478@student.edu.pk,Artificial Intelligence,Auditory,Strong,Extrovert,2.96
S0096,Hiba Ashraf,hiba.ashraf404@student.edu.pk,Artificial Intelligence,Kinesthetic,Average,Extrovert,3.43
S0097,Zara Sheikh,zara.sheikh353@student.edu.pk,Cloud Computing,Kinesthetic,Weak,Ambivert,2.39
S0098,Fatima Khan,fatima.khan157@student.edu.pk,Information Technology,Visual,Weak,Introvert,3.11
S0099,Maryam Sheikh,maryam.sheikh274@student.edu.pk,Cloud Computing,Reading/Writing,Weak,Extrovert,3.41
S0100,Usman Rana,usman.rana153@student.edu.pk,Information Technology,Reading/Writing,Strong,Extrovert,2.72
S0101,Hiba Chaudhry,hiba.chaudhry740@student.edu.pk,Information Technology,Kinesthetic,Average,Extrovert,3.65
S0102,Bilal Qureshi,bilal.qureshi572@student.edu.pk,Software Engineering,Visual,Weak,Ambivert,2.58
S0103,Zara Chaudhry,zara.chaudhry171@student.edu.pk,Cloud Computing,Visual,Weak,Ambivert,2.82
S0104,Muneeb Butt,muneeb.butt483@student.edu.pk,Cloud Computing,Visual,Average,Introvert,2.88
S0105,Ayesha Sheikh,ayesha.sheikh888@student.edu.pk,Cyber Security,Reading/Writing,Strong,Extrovert,2.07
S0106,Zara Rana,zara.rana437@student.edu.pk,Deep Learning,Auditory,Weak,Introvert,2.58
S0107,Zara Siddiqui,zara.siddiqui660@student.edu.pk,Artificial Intelligence,Kinesthetic,Strong,Ambivert,2.06
S0108,Hiba Iftikhar,hiba.iftikhar499@student.edu.pk,Data Science,Reading/Writing,Strong,Extrovert,3.42
S0109,Zara Siddiqui,zara.siddiqui225@student.edu.pk,Information Technology,Reading/Writing,Strong,Extrovert,2.59
S0110,Sana Qureshi,sana.qureshi636@student.edu.pk,Cloud Computing,Reading/Writing,Average,Extrovert,2.07
S0111,Fatima Rana,fatima.rana507@student.edu.pk,Machine Learning,Visual,Strong,Ambivert,2.7
S0112,Jawad Malik,jawad.malik136@student.edu.pk,Information Technology,Auditory,Average,Ambivert,2.87
S0113,Maryam Siddiqui,maryam.siddiqui300@student.edu.pk,Information Technology,Kinesthetic,Average,Introvert,3.71
S0114,Usman Butt,usman.butt878@student.edu.pk,Deep Learning,Reading/Writing,Strong,Ambivert,2.74
S0115,Jawad Malik,jawad.malik142@student.edu.pk,Deep Learning,Kinesthetic,Weak,Ambivert,3.75
S0116,Hiba Qureshi,hiba.qureshi724@student.edu.pk,Cyber Security,Reading/Writing,Strong,Introvert,3.01
S0117,Fatima Sheikh,fatima.sheikh268@student.edu.pk,Data Science,Reading/Writing,Average,Ambivert,2.85
S0118,Ayesha Rana,ayesha.rana196@student.edu.pk,Computer Networks,Kinesthetic,Weak,Introvert,3.47
S0119,Sana Chaudhry,sana.chaudhry197@student.edu.pk,Artificial Intelligence,Reading/Writing,Weak,Extrovert,2.03
S0120,Maryam Ashraf,maryam.ashraf260@student.edu.pk,Cyber Security,Reading/Writing,Weak,Extrovert,2.24
S0121,Maryam Qureshi,maryam.qureshi323@student.edu.pk,Software Engineering,Auditory,Strong,Introvert,3.21
S0122,Fatima Chaudhry,fatima.chaudhry907@student.edu.pk,Machine Learning,Auditory,Average,Extrovert,2.26
S0123,Fatima Iftikhar,fatima.iftikhar527@student.edu.pk,Cloud Computing,Auditory,Strong,Ambivert,2.82
S0124,Maryam Malik,maryam.malik824@student.edu.pk,Data Science,Kinesthetic,Weak,Extrovert,3.1
S0125,Maryam Qureshi,maryam.qureshi961@student.edu.pk,Cloud Computing,Reading/Writing,Weak,Introvert,3.57
S0126,Zara Siddiqui,zara.siddiqui194@student.edu.pk,Information Technology,Visual,Strong,Introvert,2.55
S0127,Muneeb Siddiqui,muneeb.siddiqui593@student.edu.pk,Software Engineering,Auditory,Strong,Extrovert,2.58
S0128,Hiba Khan,hiba.khan39@student.edu.pk,Cloud Computing,Reading/Writing,Weak,Extrovert,2.51
S0129,Ahmad Rana,ahmad.rana570@student.edu.pk,Deep Learning,Kinesthetic,Strong,Introvert,2.34
S0130,Bilal Malik,bilal.malik96@student.edu.pk,Data Science,Auditory,Strong,Introvert,2.51
S0131,Sana Khan,sana.khan713@student.edu.pk,Software Engineering,Kinesthetic,Average,Extrovert,2
S0132,Bilal Butt,bilal.butt363@student.edu.pk,Deep Learning,Kinesthetic,Average,Introvert,2.45
S0133,Zara Khan,zara.khan736@student.edu.pk,Software Engineering,Auditory,Weak,Introvert,2
S0134,Maryam Butt,maryam.butt892@student.edu.pk,Cloud Computing,Reading/Writing,Strong,Extrovert,3.51
S0135,Sana Iftikhar,sana.iftikhar733@student.edu.pk,Deep Learning,Reading/Writing,Average,Ambivert,2.85
S0136,Muneeb Rana,muneeb.rana687@student.edu.pk,Artificial Intelligence,Visual,Average,Extrovert,3.38
S0137,Maryam Butt,maryam.butt204@student.edu.pk,Cloud Computing,Auditory,Average,Extrovert,2.83
S0138,Hiba Chaudhry,hiba.chaudhry143@student.edu.pk,Information Technology,Kinesthetic,Average,Ambivert,3.08
S0139,Ahmad Sheikh,ahmad.sheikh115@student.edu.pk,Data Science,Kinesthetic,Average,Extrovert,3.1
S0140,Zara Malik,zara.malik677@student.edu.pk,Cyber Security,Auditory,Average,Introvert,2.39
S0141,Jawad Iftikhar,jawad.iftikhar688@student.edu.pk,Data Science,Reading/Writing,Strong,Introvert,3.29
S0142,Ayesha Iftikhar,ayesha.iftikhar545@student.edu.pk,Cloud Computing,Auditory,Weak,Extrovert,3.91
S0143,Hassan Rana,hassan.rana817@student.edu.pk,Artificial Intelligence,Reading/Writing,Average,Introvert,2.36
S0144,Usman Siddiqui,usman.siddiqui31@student.edu.pk,Information Technology,Visual,Average,Introvert,3.45
S0145,Sana Chaudhry,sana.chaudhry129@student.edu.pk,Deep Learning,Visual,Strong,Introvert,3.54
S0146,Muneeb Malik,muneeb.malik970@student.edu.pk,Cloud Computing,Kinesthetic,Weak,Introvert,3.68
S0147,Sana Malik,sana.malik386@student.edu.pk,Software Engineering,Auditory,Average,Extrovert,3.08
S0148,Jawad Butt,jawad.butt609@student.edu.pk,Artificial Intelligence,Kinesthetic,Weak,Extrovert,3.09
S0149,Ayesha Iftikhar,ayesha.iftikhar168@student.edu.pk,Cyber Security,Kinesthetic,Strong,Extrovert,2.01
S0150,Hiba Ashraf,hiba.ashraf46@student.edu.pk,Machine Learning,Auditory,Strong,Ambivert,3.25
S0151,Maryam Khan,maryam.khan634@student.edu.pk,Machine Learning,Kinesthetic,Weak,Introvert,3.06
S0152,Jawad Ashraf,jawad.ashraf180@student.edu.pk,Cyber Security,Kinesthetic,Strong,Introvert,3.82
S0153,Fatima Malik,fatima.malik855@student.edu.pk,Deep Learning,Reading/Writing,Average,Introvert,2.98
S0154,Muneeb Chaudhry,muneeb.chaudhry342@student.edu.pk,Cyber Security,Reading/Writing,Average,Introvert,2.46
S0155,Zara Siddiqui,zara.siddiqui437@student.edu.pk,Artificial Intelligence,Reading/Writing,Weak,Extrovert,3.56
S0156,Ayesha Malik,ayesha.malik933@student.edu.pk,Machine Learning,Reading/Writing,Average,Extrovert,2.25
S0157,Hamza Rana,hamza.rana984@student.edu.pk,Artificial Intelligence,Auditory,Strong,Extrovert,3.95
S0158,Ali Rana,ali.rana302@student.edu.pk,Data Science,Visual,Weak,Extrovert,3.88
S0159,Hiba Siddiqui,hiba.siddiqui386@student.edu.pk,Cloud Computing,Auditory,Weak,Ambivert,2.05
S0160,Usman Sheikh,usman.sheikh702@student.edu.pk,Cyber Security,Visual,Weak,Extrovert,3.96
S0161,Sana Siddiqui,sana.siddiqui415@student.edu.pk,Computer Networks,Auditory,Average,Introvert,2.84
S0162,Muneeb Ashraf,muneeb.ashraf560@student.edu.pk,Artificial Intelligence,Auditory,Average,Ambivert,2.98
S0163,Ayesha Chaudhry,ayesha.chaudhry260@student.edu.pk,Artificial Intelligence,Reading/Writing,Weak,Introvert,2.09
S0164,Fatima Khan,fatima.khan96@student.edu.pk,Data Science,Kinesthetic,Weak,Extrovert,2.51
S0165,Hamza Qureshi,hamza.qureshi777@student.edu.pk,Artificial Intelligence,Reading/Writing,Strong,Introvert,3.56
S0166,Hassan Butt,hassan.butt462@student.edu.pk,Deep Learning,Reading/Writing,Average,Ambivert,3.84
S0167,Hassan Chaudhry,hassan.chaudhry450@student.edu.pk,Computer Networks,Auditory,Strong,Ambivert,3.46
S0168,Hamza Iftikhar,hamza.iftikhar197@student.edu.pk,Data Science,Kinesthetic,Weak,Ambivert,2.06
S0169,Ahmad Sheikh,ahmad.sheikh702@student.edu.pk,Deep Learning,Reading/Writing,Weak,Extrovert,2.86
S0170,Fatima Malik,fatima.malik525@student.edu.pk,Deep Learning,Visual,Weak,Ambivert,3.72
S0171,Maryam Rana,maryam.rana734@student.edu.pk,Computer Networks,Kinesthetic,Strong,Extrovert,2.95
S0172,Jawad Khan,jawad.khan187@student.edu.pk,Computer Networks,Auditory,Strong,Introvert,2.53
S0173,Hassan Ashraf,hassan.ashraf245@student.edu.pk,Cyber Security,Visual,Average,Ambivert,3.88
S0174,Hamza Malik,hamza.malik631@student.edu.pk,Data Science,Visual,Weak,Ambivert,2.43
S0175,Jawad Qureshi,jawad.qureshi333@student.edu.pk,Machine Learning,Kinesthetic,Strong,Introvert,2.99
S0176,Maryam Rana,maryam.rana702@student.edu.pk,Machine Learning,Visual,Weak,Introvert,3.7
S0177,Fatima Siddiqui,fatima.siddiqui526@student.edu.pk,Artificial Intelligence,Kinesthetic,Strong,Introvert,2.31
S0178,Ali Butt,ali.butt109@student.edu.pk,Data Science,Visual,Average,Ambivert,3.4
S0179,Fatima Sheikh,fatima.sheikh798@student.edu.pk,Deep Learning,Reading/Writing,Strong,Introvert,3.88
S0180,Bilal Malik,bilal.malik315@student.edu.pk,Information Technology,Kinesthetic,Strong,Extrovert,3.49
S0181,Hamza Malik,hamza.malik17@student.edu.pk,Deep Learning,Kinesthetic,Strong,Extrovert,2.37
S0182,Maryam Khan,maryam.khan157@student.edu.pk,Cloud Computing,Kinesthetic,Strong,Extrovert,2.35
S0183,Ayesha Butt,ayesha.butt797@student.edu.pk,Cloud Computing,Auditory,Weak,Extrovert,3.89
S0184,Maryam Siddiqui,maryam.siddiqui607@student.edu.pk,Deep Learning,Visual,Weak,Extrovert,2.01
S0185,Fatima Khan,fatima.khan786@student.edu.pk,Information Technology,Reading/Writing,Weak,Introvert,2.8
S0186,Ali Siddiqui,ali.siddiqui108@student.edu.pk,Deep Learning,Reading/Writing,Average,Extrovert,3.71
S0187,Sana Iftikhar,sana.iftikhar410@student.edu.pk,Data Science,Visual,Average,Extrovert,2.25
S0188,Usman Sheikh,usman.sheikh328@student.edu.pk,Cloud Computing,Reading/Writing,Average,Ambivert,3.69
S0189,Hamza Iftikhar,hamza.iftikhar422@student.edu.pk,Cloud Computing,Reading/Writing,Average,Extrovert,3.26
S0190,Sana Rana,sana.rana838@student.edu.pk,Deep Learning,Auditory,Strong,Ambivert,3.19
S0191,Usman Khan,usman.khan585@student.edu.pk,Machine Learning,Kinesthetic,Strong,Extrovert,3.37
S0192,Ahmad Siddiqui,ahmad.siddiqui535@student.edu.pk,Deep Learning,Auditory,Strong,Introvert,3.64
S0193,Ayesha Khan,ayesha.khan376@student.edu.pk,Cloud Computing,Kinesthetic,Strong,Ambivert,3.72
S0194,Ahmad Qureshi,ahmad.qureshi451@student.edu.pk,Machine Learning,Kinesthetic,Weak,Extrovert,2.6
S0195,Jawad Rana,jawad.rana638@student.edu.pk,Cloud Computing,Auditory,Average,Ambivert,3.19
S0196,Zara Chaudhry,zara.chaudhry969@student.edu.pk,Information Technology,Auditory,Strong,Extrovert,3.58
S0197,Sana Ashraf,sana.ashraf613@student.edu.pk,Data Science,Visual,Strong,Introvert,3.41
S0198,Usman Malik,usman.malik231@student.edu.pk,Deep Learning,Auditory,Strong,Introvert,3.63
S0199,Fatima Sheikh,fatima.sheikh475@student.edu.pk,Computer Networks,Auditory,Weak,Ambivert,2.73
S0200,Zara Iftikhar,zara.iftikhar470@student.edu.pk,Computer Networks,Reading/Writing,Weak,Introvert,3.91
S0201,Fatima Khan,fatima.khan507@student.edu.pk,Cyber Security,Reading/Writing,Average,Ambivert,2.78
S0202,Usman Qureshi,usman.qureshi660@student.edu.pk,Information Technology,Kinesthetic,Weak,Extrovert,3.61
S0203,Maryam Khan,maryam.khan501@student.edu.pk,Machine Learning,Visual,Weak,Ambivert,3.59
S0204,Usman Malik,usman.malik773@student.edu.pk,Deep Learning,Kinesthetic,Average,Extrovert,2.18
S0205,Bilal Butt,bilal.butt104@student.edu.pk,Machine Learning,Visual,Strong,Extrovert,2.41
S0206,Sana Chaudhry,sana.chaudhry48@student.edu.pk,Artificial Intelligence,Auditory,Weak,Introvert,2.55
S0207,Ayesha Chaudhry,ayesha.chaudhry243@student.edu.pk,Artificial Intelligence,Auditory,Strong,Introvert,2.88
S0208,Ali Rana,ali.rana774@student.edu.pk,Machine Learning,Visual,Weak,Ambivert,3.7
S0209,Ali Butt,ali.butt222@student.edu.pk,Machine Learning,Reading/Writing,Weak,Ambivert,3.19
S0210,Sana Iftikhar,sana.iftikhar992@student.edu.pk,Machine Learning,Auditory,Average,Ambivert,2.26
S0211,Muneeb Qureshi,muneeb.qureshi750@student.edu.pk,Cloud Computing,Auditory,Strong,Extrovert,2.74
S0212,Bilal Chaudhry,bilal.chaudhry243@student.edu.pk,Software Engineering,Auditory,Average,Ambivert,2.74
S0213,Hiba Sheikh,hiba.sheikh585@student.edu.pk,Information Technology,Kinesthetic,Average,Extrovert,2.3
S0214,Maryam Siddiqui,maryam.siddiqui838@student.edu.pk,Deep Learning,Kinesthetic,Weak,Extrovert,2.65
S0215,Fatima Chaudhry,fatima.chaudhry380@student.edu.pk,Artificial Intelligence,Reading/Writing,Weak,Extrovert,2.48
S0216,Ali Malik,ali.malik157@student.edu.pk,Cyber Security,Reading/Writing,Average,Introvert,2.97
S0217,Hiba Qureshi,hiba.qureshi314@student.edu.pk,Computer Networks,Visual,Weak,Extrovert,3.23
S0218,Ahmad Ashraf,ahmad.ashraf568@student.edu.pk,Software Engineering,Kinesthetic,Strong,Extrovert,3.47
S0219,Sana Malik,sana.malik344@student.edu.pk,Cyber Security,Auditory,Average,Extrovert,2.14
S0220,Jawad Qureshi,jawad.qureshi813@student.edu.pk,Data Science,Auditory,Strong,Ambivert,2.76
S0221,Maryam Butt,maryam.butt425@student.edu.pk,Computer Networks,Reading/Writing,Weak,Ambivert,3.69
S0222,Usman Sheikh,usman.sheikh831@student.edu.pk,Information Technology,Reading/Writing,Weak,Extrovert,2.37
S0223,Jawad Malik,jawad.malik460@student.edu.pk,Artificial Intelligence,Visual,Weak,Ambivert,3.66
S0224,Muneeb Butt,muneeb.butt175@student.edu.pk,Artificial Intelligence,Kinesthetic,Average,Introvert,2.16
S0225,Usman Iftikhar,usman.iftikhar443@student.edu.pk,Data Science,Reading/Writing,Weak,Introvert,2.5
S0226,Bilal Sheikh,bilal.sheikh848@student.edu.pk,Machine Learning,Auditory,Weak,Introvert,3.33
S0227,Ayesha Malik,ayesha.malik237@student.edu.pk,Information Technology,Auditory,Strong,Introvert,2.81
S0228,Hamza Qureshi,hamza.qureshi254@student.edu.pk,Computer Networks,Kinesthetic,Average,Ambivert,2.64
S0229,Hassan Chaudhry,hassan.chaudhry240@student.edu.pk,Deep Learning,Auditory,Strong,Introvert,2
S0230,Muneeb Qureshi,muneeb.qureshi953@student.edu.pk,Cloud Computing,Reading/Writing,Weak,Ambivert,2.09
S0231,Sana Iftikhar,sana.iftikhar878@student.edu.pk,Machine Learning,Visual,Strong,Introvert,3.31
S0232,Ali Rana,ali.rana388@student.edu.pk,Cyber Security,Kinesthetic,Average,Introvert,3.05
S0233,Sana Siddiqui,sana.siddiqui437@student.edu.pk,Artificial Intelligence,Visual,Average,Introvert,3.14
S0234,Hiba Ashraf,hiba.ashraf133@student.edu.pk,Deep Learning,Kinesthetic,Strong,Introvert,2.51
S0235,Usman Siddiqui,usman.siddiqui837@student.edu.pk,Information Technology,Kinesthetic,Weak,Extrovert,2.46
S0236,Ahmad Siddiqui,ahmad.siddiqui415@student.edu.pk,Software Engineering,Visual,Average,Introvert,3.71
S0237,Ayesha Chaudhry,ayesha.chaudhry133@student.edu.pk,Software Engineering,Visual,Weak,Extrovert,3.03
S0238,Usman Khan,usman.khan863@student.edu.pk,Deep Learning,Kinesthetic,Weak,Introvert,3.87
S0239,Bilal Sheikh,bilal.sheikh348@student.edu.pk,Machine Learning,Visual,Average,Introvert,3.29
S0240,Zara Ashraf,zara.ashraf411@student.edu.pk,Software Engineering,Auditory,Strong,Ambivert,3.48
S0241,Bilal Malik,bilal.malik119@student.edu.pk,Software Engineering,Auditory,Strong,Introvert,3.76
S0242,Hamza Ashraf,hamza.ashraf24@student.edu.pk,Computer Networks,Reading/Writing,Strong,Introvert,2.92
S0243,Ali Qureshi,ali.qureshi183@student.edu.pk,Data Science,Reading/Writing,Weak,Ambivert,3.21
S0244,Ahmad Khan,ahmad.khan233@student.edu.pk,Machine Learning,Kinesthetic,Strong,Extrovert,2.54
S0245,Sana Qureshi,sana.qureshi158@student.edu.pk,Information Technology,Auditory,Average,Ambivert,3.9
S0246,Fatima Ashraf,fatima.ashraf294@student.edu.pk,Software Engineering,Reading/Writing,Strong,Introvert,3.29
S0247,Usman Iftikhar,usman.iftikhar979@student.edu.pk,Software Engineering,Auditory,Strong,Introvert,2.95
S0248,Hiba Siddiqui,hiba.siddiqui389@student.edu.pk,Cyber Security,Reading/Writing,Strong,Extrovert,2.9
S0249,Ahmad Sheikh,ahmad.sheikh314@student.edu.pk,Cyber Security,Reading/Writing,Average,Ambivert,2.85
S0250,Jawad Rana,jawad.rana843@student.edu.pk,Machine Learning,Reading/Writing,Strong,Introvert,2.95
S0251,Ali Ashraf,ali.ashraf502@student.edu.pk,Deep Learning,Visual,Weak,Extrovert,3.78
S0252,Jawad Chaudhry,jawad.chaudhry205@student.edu.pk,Cloud Computing,Visual,Average,Extrovert,3.06
S0253,Bilal Siddiqui,bilal.siddiqui845@student.edu.pk,Artificial Intelligence,Kinesthetic,Strong,Extrovert,3.37
S0254,Hiba Ashraf,hiba.ashraf427@student.edu.pk,Computer Networks,Visual,Weak,Ambivert,3.68
S0255,Bilal Qureshi,bilal.qureshi871@student.edu.pk,Deep Learning,Auditory,Average,Introvert,3.44
S0256,Fatima Siddiqui,fatima.siddiqui505@student.edu.pk,Machine Learning,Visual,Strong,Ambivert,2.35
S0257,Muneeb Chaudhry,muneeb.chaudhry661@student.edu.pk,Artificial Intelligence,Auditory,Weak,Ambivert,2.46
S0258,Ayesha Malik,ayesha.malik303@student.edu.pk,Artificial Intelligence,Auditory,Weak,Extrovert,3.66
S0259,Usman Siddiqui,usman.siddiqui170@student.edu.pk,Software Engineering,Auditory,Average,Extrovert,3.26
S0260,Hassan Siddiqui,hassan.siddiqui952@student.edu.pk,Computer Networks,Auditory,Weak,Introvert,3.28
S0261,Ahmad Siddiqui,ahmad.siddiqui603@student.edu.pk,Deep Learning,Kinesthetic,Average,Ambivert,2.47
S0262,Fatima Butt,fatima.butt506@student.edu.pk,Computer Networks,Reading/Writing,Strong,Ambivert,3.12
S0263,Zara Rana,zara.rana819@student.edu.pk,Deep Learning,Reading/Writing,Weak,Introvert,2.32
S0264,Ayesha Butt,ayesha.butt660@student.edu.pk,Cloud Computing,Visual,Weak,Introvert,2.97
S0265,Hamza Rana,hamza.rana915@student.edu.pk,Data Science,Reading/Writing,Strong,Extrovert,3.68
S0266,Bilal Ashraf,bilal.ashraf898@student.edu.pk,Data Science,Reading/Writing,Average,Extrovert,2.28
S0267,Usman Chaudhry,usman.chaudhry304@student.edu.pk,Deep Learning,Visual,Weak,Introvert,2.84
S0268,Hassan Khan,hassan.khan376@student.edu.pk,Software Engineering,Reading/Writing,Strong,Introvert,2.77
S0269,Sana Iftikhar,sana.iftikhar279@student.edu.pk,Cloud Computing,Kinesthetic,Weak,Extrovert,2.9
S0270,Bilal Malik,bilal.malik745@student.edu.pk,Software Engineering,Kinesthetic,Average,Extrovert,3.5
S0271,Hiba Chaudhry,hiba.chaudhry310@student.edu.pk,Computer Networks,Reading/Writing,Strong,Extrovert,2.02
S0272,Hassan Rana,hassan.rana393@student.edu.pk,Data Science,Visual,Weak,Introvert,3.81
S0273,Zara Butt,zara.butt254@student.edu.pk,Machine Learning,Visual,Average,Ambivert,2.94
S0274,Hiba Sheikh,hiba.sheikh637@student.edu.pk,Cyber Security,Auditory,Strong,Extrovert,3.98
S0275,Ayesha Qureshi,ayesha.qureshi816@student.edu.pk,Information Technology,Visual,Weak,Ambivert,2.74
S0276,Muneeb Butt,muneeb.butt162@student.edu.pk,Computer Networks,Visual,Strong,Extrovert,2.9
S0277,Zara Rana,zara.rana309@student.edu.pk,Artificial Intelligence,Kinesthetic,Weak,Ambivert,3.2
S0278,Ahmad Iftikhar,ahmad.iftikhar662@student.edu.pk,Data Science,Reading/Writing,Weak,Ambivert,3.75
S0279,Sana Qureshi,sana.qureshi804@student.edu.pk,Data Science,Kinesthetic,Weak,Ambivert,2.56
S0280,Fatima Siddiqui,fatima.siddiqui640@student.edu.pk,Information Technology,Reading/Writing,Average,Ambivert,3.21
S0281,Ahmad Sheikh,ahmad.sheikh92@student.edu.pk,Artificial Intelligence,Kinesthetic,Weak,Extrovert,2.7
S0282,Maryam Qureshi,maryam.qureshi186@student.edu.pk,Data Science,Reading/Writing,Average,Introvert,3.29
S0283,Usman Iftikhar,usman.iftikhar58@student.edu.pk,Computer Networks,Reading/Writing,Weak,Introvert,3.96
S0284,Hamza Chaudhry,hamza.chaudhry178@student.edu.pk,Machine Learning,Visual,Average,Extrovert,2.67
S0285,Usman Ashraf,usman.ashraf537@student.edu.pk,Deep Learning,Visual,Strong,Extrovert,2.82
S0286,Usman Chaudhry,usman.chaudhry439@student.edu.pk,Artificial Intelligence,Visual,Average,Ambivert,2.35
S0287,Ali Chaudhry,ali.chaudhry832@student.edu.pk,Information Technology,Visual,Average,Extrovert,3.35
S0288,Ayesha Malik,ayesha.malik619@student.edu.pk,Machine Learning,Reading/Writing,Strong,Ambivert,2.13
S0289,Jawad Malik,jawad.malik678@student.edu.pk,Software Engineering,Reading/Writing,Weak,Ambivert,2.95
S0290,Bilal Khan,bilal.khan456@student.edu.pk,Machine Learning,Auditory,Strong,Extrovert,2.67
S0291,Hassan Siddiqui,hassan.siddiqui288@student.edu.pk,Machine Learning,Auditory,Weak,Introvert,2.78
S0292,Ali Siddiqui,ali.siddiqui430@student.edu.pk,Machine Learning,Visual,Weak,Ambivert,3.7
S0293,Fatima Sheikh,fatima.sheikh759@student.edu.pk,Information Technology,Auditory,Weak,Introvert,2.08
S0294,Hassan Butt,hassan.butt760@student.edu.pk,Machine Learning,Auditory,Weak,Extrovert,2.49
S0295,Bilal Khan,bilal.khan667@student.edu.pk,Machine Learning,Kinesthetic,Weak,Introvert,2.74
S0296,Hiba Siddiqui,hiba.siddiqui325@student.edu.pk,Machine Learning,Kinesthetic,Strong,Extrovert,2.68
S0297,Ali Siddiqui,ali.siddiqui844@student.edu.pk,Computer Networks,Auditory,Weak,Extrovert,2.09
S0298,Hiba Sheikh,hiba.sheikh565@student.edu.pk,Cloud Computing,Visual,Average,Introvert,3.31
S0299,Jawad Iftikhar,jawad.iftikhar855@student.edu.pk,Computer Networks,Reading/Writing,Strong,Extrovert,2.82
S0300,Maryam Malik,maryam.malik903@student.edu.pk,Information Technology,Visual,Average,Extrovert,2.65
S0301,Fatima Ashraf,fatima.ashraf872@student.edu.pk,Computer Networks,Visual,Weak,Ambivert,2.72
S0302,Sana Rana,sana.rana803@student.edu.pk,Machine Learning,Visual,Weak,Ambivert,2.2
S0303,Jawad Butt,jawad.butt518@student.edu.pk,Data Science,Visual,Strong,Ambivert,3.5
S0304,Sana Sheikh,sana.sheikh870@student.edu.pk,Deep Learning,Kinesthetic,Average,Ambivert,3.97
S0305,Sana Chaudhry,sana.chaudhry357@student.edu.pk,Information Technology,Visual,Strong,Introvert,3.52
S0306,Ahmad Khan,ahmad.khan319@student.edu.pk,Deep Learning,Auditory,Average,Extrovert,3.54
S0307,Jawad Malik,jawad.malik717@student.edu.pk,Cyber Security,Auditory,Weak,Introvert,2.98
S0308,Jawad Rana,jawad.rana669@student.edu.pk,Data Science,Auditory,Strong,Introvert,3.41
S0309,Ahmad Butt,ahmad.butt126@student.edu.pk,Deep Learning,Visual,Average,Introvert,3.53
S0310,Ahmad Qureshi,ahmad.qureshi233@student.edu.pk,Data Science,Visual,Average,Extrovert,3.31
S0311,Sana Sheikh,sana.sheikh108@student.edu.pk,Cyber Security,Auditory,Strong,Ambivert,3.15
S0312,Hiba Iftikhar,hiba.iftikhar624@student.edu.pk,Software Engineering,Kinesthetic,Weak,Extrovert,3.11
S0313,Jawad Malik,jawad.malik424@student.edu.pk,Data Science,Auditory,Strong,Ambivert,2.3
S0314,Jawad Sheikh,jawad.sheikh677@student.edu.pk,Artificial Intelligence,Visual,Average,Extrovert,3.37
S0315,Bilal Siddiqui,bilal.siddiqui389@student.edu.pk,Information Technology,Reading/Writing,Weak,Introvert,2.1
S0316,Zara Sheikh,zara.sheikh378@student.edu.pk,Data Science,Auditory,Average,Introvert,3.21
S0317,Jawad Siddiqui,jawad.siddiqui83@student.edu.pk,Software Engineering,Visual,Average,Extrovert,3.67
S0318,Ayesha Malik,ayesha.malik573@student.edu.pk,Deep Learning,Auditory,Strong,Ambivert,2.08
S0319,Sana Malik,sana.malik549@student.edu.pk,Deep Learning,Visual,Strong,Ambivert,3.29
S0320,Hassan Malik,hassan.malik62@student.edu.pk,Information Technology,Kinesthetic,Average,Introvert,3.49
S0321,Fatima Siddiqui,fatima.siddiqui157@student.edu.pk,Computer Networks,Visual,Average,Extrovert,3.86
S0322,Muneeb Khan,muneeb.khan733@student.edu.pk,Machine Learning,Reading/Writing,Strong,Introvert,2.06
S0323,Bilal Siddiqui,bilal.siddiqui530@student.edu.pk,Software Engineering,Kinesthetic,Average,Extrovert,3.76
S0324,Bilal Rana,bilal.rana887@student.edu.pk,Machine Learning,Reading/Writing,Weak,Extrovert,3
S0325,Muneeb Qureshi,muneeb.qureshi399@student.edu.pk,Computer Networks,Auditory,Strong,Extrovert,2.19
S0326,Sana Butt,sana.butt895@student.edu.pk,Software Engineering,Reading/Writing,Strong,Ambivert,2.4
S0327,Zara Siddiqui,zara.siddiqui525@student.edu.pk,Machine Learning,Kinesthetic,Weak,Ambivert,3.86
S0328,Zara Iftikhar,zara.iftikhar634@student.edu.pk,Deep Learning,Visual,Average,Ambivert,2.58
S0329,Hamza Rana,hamza.rana346@student.edu.pk,Cyber Security,Visual,Strong,Ambivert,2.54
S0330,Jawad Rana,jawad.rana929@student.edu.pk,Computer Networks,Auditory,Strong,Extrovert,3.96
S0331,Usman Khan,usman.khan516@student.edu.pk,Data Science,Kinesthetic,Weak,Extrovert,3.57
S0332,Muneeb Siddiqui,muneeb.siddiqui974@student.edu.pk,Machine Learning,Auditory,Average,Introvert,3.82
S0333,Zara Chaudhry,zara.chaudhry263@student.edu.pk,Artificial Intelligence,Reading/Writing,Average,Introvert,3.68
S0334,Jawad Butt,jawad.butt205@student.edu.pk,Cloud Computing,Reading/Writing,Weak,Introvert,2.33
S0335,Usman Sheikh,usman.sheikh459@student.edu.pk,Information Technology,Reading/Writing,Weak,Introvert,3.72
S0336,Jawad Siddiqui,jawad.siddiqui243@student.edu.pk,Data Science,Reading/Writing,Strong,Ambivert,3.78
S0337,Hamza Malik,hamza.malik436@student.edu.pk,Cyber Security,Visual,Strong,Ambivert,2.51
S0338,Sana Chaudhry,sana.chaudhry241@student.edu.pk,Cloud Computing,Visual,Strong,Introvert,3.09
S0339,Hassan Iftikhar,hassan.iftikhar163@student.edu.pk,Information Technology,Kinesthetic,Average,Introvert,2.39
S0340,Hamza Rana,hamza.rana434@student.edu.pk,Data Science,Reading/Writing,Strong,Introvert,3.84
S0341,Jawad Sheikh,jawad.sheikh973@student.edu.pk,Software Engineering,Kinesthetic,Strong,Introvert,2.61
S0342,Sana Rana,sana.rana992@student.edu.pk,Deep Learning,Reading/Writing,Average,Ambivert,3.12
S0343,Ali Malik,ali.malik767@student.edu.pk,Deep Learning,Kinesthetic,Strong,Ambivert,2.59
S0344,Muneeb Butt,muneeb.butt728@student.edu.pk,Artificial Intelligence,Reading/Writing,Weak,Ambivert,2.64
S0345,Hiba Iftikhar,hiba.iftikhar328@student.edu.pk,Information Technology,Reading/Writing,Average,Extrovert,2.1
S0346,Muneeb Qureshi,muneeb.qureshi752@student.edu.pk,Data Science,Kinesthetic,Weak,Introvert,3.49
S0347,Fatima Siddiqui,fatima.siddiqui807@student.edu.pk,Machine Learning,Reading/Writing,Strong,Extrovert,2.43
S0348,Jawad Ashraf,jawad.ashraf995@student.edu.pk,Artificial Intelligence,Kinesthetic,Average,Introvert,3.79
S0349,Usman Rana,usman.rana408@student.edu.pk,Machine Learning,Reading/Writing,Strong,Ambivert,2.17
S0350,Zara Rana,zara.rana889@student.edu.pk,Cyber Security,Visual,Weak,Ambivert,2.92
S0351,Ayesha Sheikh,ayesha.sheikh791@student.edu.pk,Software Engineering,Visual,Strong,Extrovert,3
S0352,Ahmad Siddiqui,ahmad.siddiqui442@student.edu.pk,Artificial Intelligence,Kinesthetic,Weak,Extrovert,3.68
S0353,Hassan Butt,hassan.butt762@student.edu.pk,Information Technology,Auditory,Weak,Introvert,3.35
S0354,Fatima Sheikh,fatima.sheikh61@student.edu.pk,Deep Learning,Reading/Writing,Weak,Introvert,3.42
S0355,Sana Qureshi,sana.qureshi358@student.edu.pk,Artificial Intelligence,Kinesthetic,Weak,Ambivert,2.3
S0356,Ali Malik,ali.malik243@student.edu.pk,Software Engineering,Kinesthetic,Average,Ambivert,2.09
S0357,Bilal Iftikhar,bilal.iftikhar14@student.edu.pk,Software Engineering,Visual,Weak,Extrovert,2.59
S0358,Ayesha Sheikh,ayesha.sheikh112@student.edu.pk,Software Engineering,Visual,Strong,Ambivert,2.17
S0359,Muneeb Rana,muneeb.rana622@student.edu.pk,Software Engineering,Kinesthetic,Average,Introvert,2.98
S0360,Ahmad Ashraf,ahmad.ashraf970@student.edu.pk,Cloud Computing,Visual,Weak,Introvert,3.52
S0361,Bilal Ashraf,bilal.ashraf536@student.edu.pk,Data Science,Auditory,Strong,Extrovert,2.37
S0362,Hiba Butt,hiba.butt188@student.edu.pk,Deep Learning,Reading/Writing,Strong,Introvert,2.88
S0363,Hassan Ashraf,hassan.ashraf617@student.edu.pk,Artificial Intelligence,Kinesthetic,Weak,Ambivert,2.71
S0364,Muneeb Chaudhry,muneeb.chaudhry88@student.edu.pk,Artificial Intelligence,Visual,Average,Extrovert,2.6
S0365,Muneeb Sheikh,muneeb.sheikh965@student.edu.pk,Deep Learning,Reading/Writing,Strong,Ambivert,2.57
S0366,Maryam Ashraf,maryam.ashraf696@student.edu.pk,Information Technology,Auditory,Average,Ambivert,3.09
S0367,Ali Butt,ali.butt753@student.edu.pk,Information Technology,Reading/Writing,Strong,Ambivert,3.06
S0368,Hamza Siddiqui,hamza.siddiqui413@student.edu.pk,Information Technology,Visual,Average,Ambivert,3.72
S0369,Hamza Rana,hamza.rana262@student.edu.pk,Data Science,Auditory,Strong,Introvert,2.16
S0370,Hassan Chaudhry,hassan.chaudhry951@student.edu.pk,Machine Learning,Reading/Writing,Weak,Ambivert,2.61
S0371,Maryam Khan,maryam.khan861@student.edu.pk,Cloud Computing,Reading/Writing,Average,Extrovert,2.01
S0372,Hamza Qureshi,hamza.qureshi995@student.edu.pk,Computer Networks,Reading/Writing,Strong,Extrovert,2.98
S0373,Maryam Chaudhry,maryam.chaudhry268@student.edu.pk,Artificial Intelligence,Kinesthetic,Strong,Introvert,3.47
S0374,Muneeb Iftikhar,muneeb.iftikhar30@student.edu.pk,Computer Networks,Reading/Writing,Average,Extrovert,3.6
S0375,Ayesha Chaudhry,ayesha.chaudhry952@student.edu.pk,Cyber Security,Visual,Average,Introvert,2.6
S0376,Hassan Qureshi,hassan.qureshi234@student.edu.pk,Deep Learning,Kinesthetic,Average,Ambivert,3.11
S0377,Ali Qureshi,ali.qureshi466@student.edu.pk,Data Science,Reading/Writing,Average,Ambivert,3.78
S0378,Bilal Iftikhar,bilal.iftikhar942@student.edu.pk,Information Technology,Kinesthetic,Strong,Ambivert,3.33
S0379,Bilal Sheikh,bilal.sheikh451@student.edu.pk,Artificial Intelligence,Kinesthetic,Weak,Introvert,3.33
S0380,Maryam Iftikhar,maryam.iftikhar929@student.edu.pk,Computer Networks,Visual,Strong,Introvert,3.91
S0381,Muneeb Sheikh,muneeb.sheikh533@student.edu.pk,Software Engineering,Reading/Writing,Weak,Extrovert,3.05
S0382,Fatima Iftikhar,fatima.iftikhar132@student.edu.pk,Machine Learning,Auditory,Strong,Extrovert,3.97
S0383,Muneeb Sheikh,muneeb.sheikh242@student.edu.pk,Data Science,Kinesthetic,Weak,Introvert,3.33
S0384,Maryam Ashraf,maryam.ashraf328@student.edu.pk,Cyber Security,Visual,Average,Introvert,2.06
S0385,Muneeb Ashraf,muneeb.ashraf888@student.edu.pk,Data Science,Auditory,Average,Extrovert,3.7
S0386,Usman Rana,usman.rana363@student.edu.pk,Cloud Computing,Kinesthetic,Weak,Extrovert,2.76
S0387,Ayesha Butt,ayesha.butt236@student.edu.pk,Machine Learning,Reading/Writing,Average,Introvert,2.16
S0388,Hiba Chaudhry,hiba.chaudhry377@student.edu.pk,Cyber Security,Auditory,Strong,Ambivert,3.03
S0389,Ayesha Siddiqui,ayesha.siddiqui411@student.edu.pk,Information Technology,Reading/Writing,Average,Ambivert,2.5
S0390,Usman Siddiqui,usman.siddiqui151@student.edu.pk,Information Technology,Reading/Writing,Weak,Ambivert,2.37
S0391,Ayesha Khan,ayesha.khan379@student.edu.pk,Machine Learning,Auditory,Average,Ambivert,2.69
S0392,Fatima Malik,fatima.malik580@student.edu.pk,Computer Networks,Reading/Writing,Strong,Ambivert,3.95
S0393,Hassan Chaudhry,hassan.chaudhry456@student.edu.pk,Cyber Security,Visual,Average,Extrovert,2.41
S0394,Sana Chaudhry,sana.chaudhry608@student.edu.pk,Computer Networks,Visual,Average,Extrovert,3.6
S0395,Ahmad Siddiqui,ahmad.siddiqui903@student.edu.pk,Deep Learning,Auditory,Weak,Extrovert,3.42
S0396,Ayesha Siddiqui,ayesha.siddiqui134@student.edu.pk,Cloud Computing,Reading/Writing,Average,Introvert,2.27
S0397,Hiba Sheikh,hiba.sheikh387@student.edu.pk,Machine Learning,Reading/Writing,Average,Ambivert,3.67
S0398,Zara Ashraf,zara.ashraf30@student.edu.pk,Cyber Security,Auditory,Weak,Introvert,3.76
S0399,Ali Sheikh,ali.sheikh768@student.edu.pk,Information Technology,Kinesthetic,Strong,Ambivert,3.39
S0400,Usman Siddiqui,usman.siddiqui83@student.edu.pk,Information Technology,Auditory,Weak,Ambivert,3.32
S0401,Jawad Sheikh,jawad.sheikh87@student.edu.pk,Computer Networks,Visual,Weak,Ambivert,3.86
S0402,Ayesha Qureshi,ayesha.qureshi976@student.edu.pk,Deep Learning,Kinesthetic,Average,Ambivert,3.93
S0403,Hiba Malik,hiba.malik666@student.edu.pk,Cyber Security,Auditory,Weak,Extrovert,2.95
S0404,Ayesha Qureshi,ayesha.qureshi525@student.edu.pk,Information Technology,Auditory,Average,Introvert,2.13
S0405,Ahmad Butt,ahmad.butt646@student.edu.pk,Software Engineering,Kinesthetic,Weak,Ambivert,2.49
S0406,Hamza Qureshi,hamza.qureshi645@student.edu.pk,Data Science,Visual,Strong,Extrovert,2.62
S0407,Ali Sheikh,ali.sheikh581@student.edu.pk,Artificial Intelligence,Kinesthetic,Average,Ambivert,3.35
S0408,Hassan Butt,hassan.butt588@student.edu.pk,Data Science,Auditory,Average,Extrovert,2.6
S0409,Hiba Siddiqui,hiba.siddiqui874@student.edu.pk,Computer Networks,Auditory,Weak,Ambivert,3.96
S0410,Ahmad Rana,ahmad.rana221@student.edu.pk,Deep Learning,Reading/Writing,Weak,Ambivert,3.73
S0411,Ali Sheikh,ali.sheikh35@student.edu.pk,Artificial Intelligence,Auditory,Average,Extrovert,2.26
S0412,Usman Qureshi,usman.qureshi66@student.edu.pk,Information Technology,Reading/Writing,Weak,Extrovert,3.71
S0413,Maryam Ashraf,maryam.ashraf683@student.edu.pk,Cloud Computing,Reading/Writing,Weak,Ambivert,2.84
S0414,Zara Sheikh,zara.sheikh444@student.edu.pk,Deep Learning,Reading/Writing,Weak,Extrovert,3.72
S0415,Hiba Ashraf,hiba.ashraf342@student.edu.pk,Machine Learning,Reading/Writing,Weak,Extrovert,2.32
S0416,Bilal Rana,bilal.rana581@student.edu.pk,Software Engineering,Auditory,Strong,Introvert,3.09
S0417,Sana Iftikhar,sana.iftikhar864@student.edu.pk,Information Technology,Auditory,Average,Introvert,3.19
S0418,Hassan Siddiqui,hassan.siddiqui612@student.edu.pk,Deep Learning,Visual,Weak,Introvert,2.34
S0419,Jawad Rana,jawad.rana531@student.edu.pk,Information Technology,Visual,Average,Introvert,2.38
S0420,Hassan Chaudhry,hassan.chaudhry359@student.edu.pk,Cyber Security,Auditory,Weak,Extrovert,2.32
S0421,Hamza Ashraf,hamza.ashraf835@student.edu.pk,Cyber Security,Kinesthetic,Average,Ambivert,3.83
S0422,Ahmad Siddiqui,ahmad.siddiqui735@student.edu.pk,Computer Networks,Visual,Strong,Ambivert,3.04
S0423,Zara Sheikh,zara.sheikh232@student.edu.pk,Computer Networks,Auditory,Strong,Ambivert,3.38
S0424,Hiba Ashraf,hiba.ashraf138@student.edu.pk,Deep Learning,Visual,Strong,Extrovert,2.17
S0425,Maryam Sheikh,maryam.sheikh715@student.edu.pk,Software Engineering,Kinesthetic,Average,Introvert,2.27
S0426,Hamza Ashraf,hamza.ashraf471@student.edu.pk,Cloud Computing,Reading/Writing,Weak,Introvert,2.91
S0427,Hiba Malik,hiba.malik733@student.edu.pk,Software Engineering,Auditory,Strong,Ambivert,2.59
S0428,Maryam Siddiqui,maryam.siddiqui845@student.edu.pk,Cyber Security,Reading/Writing,Strong,Extrovert,2.2
S0429,Maryam Qureshi,maryam.qureshi933@student.edu.pk,Data Science,Kinesthetic,Strong,Extrovert,2.06
S0430,Muneeb Khan,muneeb.khan90@student.edu.pk,Information Technology,Reading/Writing,Weak,Introvert,3.71
S0431,Jawad Rana,jawad.rana539@student.edu.pk,Data Science,Reading/Writing,Weak,Ambivert,2.58
S0432,Bilal Ashraf,bilal.ashraf295@student.edu.pk,Software Engineering,Auditory,Strong,Extrovert,3.79
S0433,Ayesha Sheikh,ayesha.sheikh336@student.edu.pk,Data Science,Visual,Strong,Introvert,3.28
S0434,Maryam Iftikhar,maryam.iftikhar658@student.edu.pk,Information Technology,Reading/Writing,Weak,Extrovert,2.48
S0435,Bilal Malik,bilal.malik164@student.edu.pk,Computer Networks,Auditory,Average,Introvert,2.81
S0436,Jawad Iftikhar,jawad.iftikhar78@student.edu.pk,Deep Learning,Visual,Strong,Introvert,2.94
S0437,Fatima Sheikh,fatima.sheikh738@student.edu.pk,Information Technology,Kinesthetic,Strong,Ambivert,3.81
S0438,Usman Rana,usman.rana764@student.edu.pk,Machine Learning,Reading/Writing,Strong,Extrovert,3.53
S0439,Sana Khan,sana.khan798@student.edu.pk,Information Technology,Auditory,Average,Extrovert,3.24
S0440,Ayesha Khan,ayesha.khan800@student.edu.pk,Artificial Intelligence,Reading/Writing,Strong,Ambivert,2.76
S0441,Usman Qureshi,usman.qureshi11@student.edu.pk,Machine Learning,Reading/Writing,Strong,Extrovert,3.17
S0442,Bilal Siddiqui,bilal.siddiqui416@student.edu.pk,Artificial Intelligence,Reading/Writing,Strong,Extrovert,2.98
S0443,Ali Rana,ali.rana513@student.edu.pk,Software Engineering,Auditory,Strong,Extrovert,3.41
S0444,Sana Iftikhar,sana.iftikhar278@student.edu.pk,Deep Learning,Visual,Weak,Ambivert,2.24
S0445,Ali Siddiqui,ali.siddiqui560@student.edu.pk,Data Science,Reading/Writing,Strong,Introvert,3.6
S0446,Ayesha Rana,ayesha.rana368@student.edu.pk,Data Science,Kinesthetic,Strong,Ambivert,2.87
S0447,Fatima Qureshi,fatima.qureshi811@student.edu.pk,Machine Learning,Auditory,Weak,Ambivert,3.34
S0448,Muneeb Siddiqui,muneeb.siddiqui485@student.edu.pk,Cyber Security,Kinesthetic,Weak,Introvert,2.25
S0449,Ayesha Rana,ayesha.rana303@student.edu.pk,Cyber Security,Reading/Writing,Weak,Extrovert,3.18
S0450,Hiba Ashraf,hiba.ashraf465@student.edu.pk,Information Technology,Auditory,Strong,Ambivert,3.08
S0451,Muneeb Chaudhry,muneeb.chaudhry426@student.edu.pk,Data Science,Visual,Strong,Extrovert,3.36
S0452,Maryam Rana,maryam.rana669@student.edu.pk,Data Science,Auditory,Strong,Introvert,2.44
S0453,Hiba Khan,hiba.khan419@student.edu.pk,Artificial Intelligence,Reading/Writing,Strong,Extrovert,2.29
S0454,Hassan Siddiqui,hassan.siddiqui330@student.edu.pk,Data Science,Reading/Writing,Weak,Ambivert,2.31
S0455,Jawad Rana,jawad.rana610@student.edu.pk,Artificial Intelligence,Auditory,Weak,Introvert,3.57
S0456,Maryam Chaudhry,maryam.chaudhry370@student.edu.pk,Cyber Security,Auditory,Average,Ambivert,3.78
S0457,Ayesha Sheikh,ayesha.sheikh158@student.edu.pk,Data Science,Auditory,Weak,Introvert,2.03
S0458,Ayesha Sheikh,ayesha.sheikh470@student.edu.pk,Data Science,Kinesthetic,Strong,Introvert,3.33
S0459,Sana Khan,sana.khan528@student.edu.pk,Computer Networks,Kinesthetic,Weak,Extrovert,3.92
S0460,Zara Qureshi,zara.qureshi447@student.edu.pk,Information Technology,Auditory,Strong,Introvert,2.64
S0461,Fatima Siddiqui,fatima.siddiqui204@student.edu.pk,Cyber Security,Kinesthetic,Average,Ambivert,3.16
S0462,Zara Qureshi,zara.qureshi456@student.edu.pk,Information Technology,Reading/Writing,Strong,Extrovert,3.12
S0463,Muneeb Malik,muneeb.malik618@student.edu.pk,Deep Learning,Kinesthetic,Strong,Introvert,3.16
S0464,Ahmad Qureshi,ahmad.qureshi267@student.edu.pk,Artificial Intelligence,Kinesthetic,Weak,Introvert,3.64
S0465,Bilal Butt,bilal.butt976@student.edu.pk,Information Technology,Auditory,Strong,Introvert,2.08
S0466,Muneeb Siddiqui,muneeb.siddiqui745@student.edu.pk,Information Technology,Visual,Average,Introvert,3.84
S0467,Ayesha Rana,ayesha.rana521@student.edu.pk,Cyber Security,Reading/Writing,Strong,Extrovert,3.66
S0468,Jawad Malik,jawad.malik888@student.edu.pk,Information Technology,Reading/Writing,Average,Extrovert,3.65
S0469,Ayesha Siddiqui,ayesha.siddiqui522@student.edu.pk,Computer Networks,Visual,Average,Ambivert,3.67
S0470,Hamza Siddiqui,hamza.siddiqui785@student.edu.pk,Machine Learning,Visual,Weak,Extrovert,3.23
S0471,Jawad Khan,jawad.khan474@student.edu.pk,Computer Networks,Visual,Weak,Extrovert,2.49
S0472,Fatima Chaudhry,fatima.chaudhry254@student.edu.pk,Deep Learning,Reading/Writing,Average,Ambivert,2.48
S0473,Fatima Sheikh,fatima.sheikh319@student.edu.pk,Deep Learning,Reading/Writing,Strong,Ambivert,2.7
S0474,Ayesha Khan,ayesha.khan500@student.edu.pk,Deep Learning,Kinesthetic,Weak,Extrovert,3.59
S0475,Fatima Ashraf,fatima.ashraf871@student.edu.pk,Machine Learning,Visual,Average,Extrovert,3.41
S0476,Sana Ashraf,sana.ashraf379@student.edu.pk,Cyber Security,Auditory,Average,Introvert,2.97
S0477,Ali Iftikhar,ali.iftikhar294@student.edu.pk,Software Engineering,Reading/Writing,Weak,Introvert,2.11
S0478,Hiba Ashraf,hiba.ashraf76@student.edu.pk,Cloud Computing,Visual,Weak,Ambivert,3.02
S0479,Jawad Chaudhry,jawad.chaudhry361@student.edu.pk,Computer Networks,Auditory,Weak,Extrovert,2.57
S0480,Ahmad Rana,ahmad.rana729@student.edu.pk,Computer Networks,Auditory,Average,Ambivert,3.8
S0481,Ayesha Iftikhar,ayesha.iftikhar187@student.edu.pk,Computer Networks,Auditory,Weak,Ambivert,3.57
S0482,Hiba Iftikhar,hiba.iftikhar341@student.edu.pk,Machine Learning,Visual,Weak,Introvert,2.04
S0483,Hiba Malik,hiba.malik786@student.edu.pk,Machine Learning,Visual,Strong,Ambivert,3.57
S0484,Hiba Ashraf,hiba.ashraf619@student.edu.pk,Cyber Security,Kinesthetic,Strong,Extrovert,3.99
S0485,Hiba Rana,hiba.rana730@student.edu.pk,Artificial Intelligence,Kinesthetic,Average,Ambivert,3.09
S0486,Muneeb Iftikhar,muneeb.iftikhar370@student.edu.pk,Information Technology,Kinesthetic,Strong,Extrovert,2.52
S0487,Bilal Rana,bilal.rana836@student.edu.pk,Cloud Computing,Reading/Writing,Weak,Ambivert,2.9
S0488,Sana Qureshi,sana.qureshi712@student.edu.pk,Cloud Computing,Auditory,Strong,Extrovert,3.6
S0489,Usman Iftikhar,usman.iftikhar917@student.edu.pk,Information Technology,Reading/Writing,Strong,Extrovert,2.83
S0490,Hamza Malik,hamza.malik715@student.edu.pk,Data Science,Kinesthetic,Weak,Ambivert,3.18
S0491,Sana Chaudhry,sana.chaudhry584@student.edu.pk,Cloud Computing,Visual,Strong,Ambivert,2.86
S0492,Ali Rana,ali.rana496@student.edu.pk,Artificial Intelligence,Kinesthetic,Average,Extrovert,2.7
S0493,Muneeb Sheikh,muneeb.sheikh128@student.edu.pk,Data Science,Visual,Strong,Ambivert,3.21
S0494,Hiba Malik,hiba.malik897@student.edu.pk,Cloud Computing,Auditory,Weak,Ambivert,2.38
S0495,Maryam Rana,maryam.rana442@student.edu.pk,Software Engineering,Kinesthetic,Weak,Extrovert,2.95
S0496,Fatima Ashraf,fatima.ashraf990@student.edu.pk,Data Science,Auditory,Strong,Introvert,3.99
S0497,Bilal Qureshi,bilal.qureshi373@student.edu.pk,Software Engineering,Kinesthetic,Strong,Ambivert,3.07
S0498,Jawad Ashraf,jawad.ashraf313@student.edu.pk,Information Technology,Visual,Weak,Extrovert,2.16
S0499,Fatima Qureshi,fatima.qureshi681@student.edu.pk,Cyber Security,Visual,Strong,Extrovert,2.99
S0500,Ayesha Ashraf,ayesha.ashraf879@student.edu.pk,Machine Learning,Kinesthetic,Average,Ambivert,3.12
